library,path,issue,value
CLASSICAL,/data/Music/CLASSICAL/Bach/Henrik Behrens -- Church Organ/Bach - Fantasia G-major.mp3,missing_tracknumber,
CLASSICAL,/data/Music/CLASSICAL/Bach/Henrik Behrens -- Church Organ/Bach - Fugue d-minor.mp3,missing_tracknumber,
CLASSICAL,"/data/Music/CLASSICAL/Bach/Lute Music of the 18th Century - Konrad Junghänel/05 - Lute Partita in C minor, BWV 997 III. Sarabande.mp3",missing_date,
CLASSICAL,"/data/Music/CLASSICAL/Bach/Lute Music of the 18th Century - Konrad Junghänel/06 - Lute Partita in C minor, BWV 997 IV. Gigue.mp3",missing_date,
CLASSICAL,/data/Music/CLASSICAL/Bach/Various/BACH - 2 Minuet.mp3,missing_date,
CLASSICAL,/data/Music/CLASSICAL/Bach/Various/BACH - C Major.mp3,missing_date,
CLASSICAL,/data/Music/CLASSICAL/Bach/Various/Bach - Air on a G String.flac,missing_tracknumber,
CLASSICAL,/data/Music/CLASSICAL/Bach/Various/Bach - Air on a G String.flac,missing_date,
CLASSICAL,/data/Music/CLASSICAL/Bach/Various/Bach - Choral - Nun kommt der Heiden Heiland.mp3,missing_tracknumber,
CLASSICAL,/data/Music/CLASSICAL/Bach/Various/Bach - Choral - Nun kommt der Heiden Heiland.mp3,missing_date,
CLASSICAL,/data/Music/CLASSICAL/Bach/Various/Bach - Fugue in F major - BWV 540.mp3,missing_tracknumber,
CLASSICAL,/data/Music/CLASSICAL/Bach/Various/Bach - Fugue in F major - BWV 540.mp3,missing_date,
CLASSICAL,/data/Music/CLASSICAL/Bach/Various/Bach - Herzlich tut mich verlangen - BWV 727.mp3,missing_tracknumber,
CLASSICAL,/data/Music/CLASSICAL/Bach/Various/Bach - Herzlich tut mich verlangen - BWV 727.mp3,missing_date,
CLASSICAL,/data/Music/CLASSICAL/Bach/Various/Bach - Prelude and Fugue in Bbma.mp3,missing_tracknumber,
CLASSICAL,/data/Music/CLASSICAL/Bach/Various/Bach - Symphony in D major from Cantata No29.mp3,missing_tracknumber,
CLASSICAL,/data/Music/CLASSICAL/Bach/Various/Bach - Symphony in D major from Cantata No29.mp3,missing_date,
CLASSICAL,/data/Music/CLASSICAL/Bach/Various/Bach - Toccata in F major - BWV 540.mp3,missing_tracknumber,
CLASSICAL,/data/Music/CLASSICAL/Bach/Various/Bach - Toccata in F major - BWV 540.mp3,missing_date,
CLASSICAL,/data/Music/CLASSICAL/Beethoven/Beethoven Favourites/Beethoven - Son. # 8 Mvt 1.mp3,missing_tracknumber,
CLASSICAL,/data/Music/CLASSICAL/Beethoven/Beethoven Favourites/Beethoven - symphony_no3_eroica.mp3,missing_tracknumber,
CLASSICAL,/data/Music/CLASSICAL/Beethoven/Beethoven Favourites/Beethoven - symphony_no_9__choral___be.mp3,missing_tracknumber,
CLASSICAL,/data/Music/CLASSICAL/Beethoven/Symphony #10 in E flat - LSO - Wyn Morris/London Symphony Orchestra conducted by Wyn Morris - Symphony No. 10 in E flat 1st Movement- Andante - Allegro - Andante.mp3,missing_date,
CLASSICAL,/data/Music/CLASSICAL/Beethoven/The Beethoven Treasury/101 - Symphony No. 1 in C Major - Op 21.flac,missing_date,
CLASSICAL,/data/Music/CLASSICAL/Beethoven/The Beethoven Treasury/102 - Second movement Op 21.flac,missing_date,
CLASSICAL,/data/Music/CLASSICAL/Beethoven/The Beethoven Treasury/103 - Third movement Op 21.flac,missing_date,
CLASSICAL,/data/Music/CLASSICAL/Beethoven/The Beethoven Treasury/104 - Fourth movement Op 21.flac,missing_date,
CLASSICAL,/data/Music/CLASSICAL/Beethoven/The Beethoven Treasury/105 - Symphony No. 2 in D Major - Op 22.flac,missing_date,
CLASSICAL,/data/Music/CLASSICAL/Beethoven/The Beethoven Treasury/106 - Second movement Op 22.flac,missing_date,
CLASSICAL,/data/Music/CLASSICAL/Beethoven/The Beethoven Treasury/107 - Third movement Op 22.flac,missing_date,
CLASSICAL,/data/Music/CLASSICAL/Beethoven/The Beethoven Treasury/108 - Fourth movement Op 22.flac,missing_date,
CLASSICAL,/data/Music/CLASSICAL/Beethoven/The Beethoven Treasury/201 - Symphony No. 3 in E Flat Major - Op 55 'Eroica'.flac,missing_date,
CLASSICAL,/data/Music/CLASSICAL/Beethoven/The Beethoven Treasury/202 - Second movement - Op 55 'Eroica'.flac,missing_date,
CLASSICAL,/data/Music/CLASSICAL/Beethoven/The Beethoven Treasury/203 - Third movement - Op 55 'Eroica'.flac,missing_date,
CLASSICAL,/data/Music/CLASSICAL/Beethoven/The Beethoven Treasury/204 - Fourth movement - Op 55 'Eroica'.flac,missing_date,
CLASSICAL,/data/Music/CLASSICAL/Beethoven/The Beethoven Treasury/205 - Symphony No. 4 in B Flat Major - Op 60.flac,missing_date,
CLASSICAL,/data/Music/CLASSICAL/Beethoven/The Beethoven Treasury/206 - Second movement - Op 60.flac,missing_date,
CLASSICAL,/data/Music/CLASSICAL/Beethoven/The Beethoven Treasury/207 - Third movement - Op 60.flac,missing_date,
CLASSICAL,/data/Music/CLASSICAL/Beethoven/The Beethoven Treasury/208 - Fourth movement - Op 60.flac,missing_date,
CLASSICAL,"/data/Music/CLASSICAL/Beethoven/The Beethoven Treasury/301 - Sonata No. 8 in C Minor, Op. 13 (Pathetique).flac",missing_date,
CLASSICAL,/data/Music/CLASSICAL/Beethoven/The Beethoven Treasury/302 - Second movement.flac,missing_date,
CLASSICAL,/data/Music/CLASSICAL/Beethoven/The Beethoven Treasury/303 - Third movement.flac,missing_date,
CLASSICAL,/data/Music/CLASSICAL/Beethoven/The Beethoven Treasury/304 - Fur Elise.flac,missing_date,
CLASSICAL,/data/Music/CLASSICAL/Beethoven/The Beethoven Treasury/305 - Minuet in G.flac,missing_date,
CLASSICAL,"/data/Music/CLASSICAL/Beethoven/The Beethoven Treasury/306 - Violin Concerto in D, Op. 61.flac",missing_date,
CLASSICAL,/data/Music/CLASSICAL/Beethoven/The Beethoven Treasury/307 - Second movement.flac,missing_date,
CLASSICAL,/data/Music/CLASSICAL/Beethoven/The Beethoven Treasury/308 - Third movement.flac,missing_date,
CLASSICAL,/data/Music/CLASSICAL/Beethoven/The Beethoven Treasury/401 - Symphony No. 5 C Minor.flac,missing_date,
CLASSICAL,/data/Music/CLASSICAL/Beethoven/The Beethoven Treasury/402 - Second movement.flac,missing_date,
CLASSICAL,/data/Music/CLASSICAL/Beethoven/The Beethoven Treasury/403 - Third movement.flac,missing_date,
CLASSICAL,/data/Music/CLASSICAL/Beethoven/The Beethoven Treasury/404 - Fourth movement.flac,missing_date,
CLASSICAL,/data/Music/CLASSICAL/Beethoven/The Beethoven Treasury/405 - Symphony No. 6 F Major.flac,missing_date,
CLASSICAL,/data/Music/CLASSICAL/Beethoven/The Beethoven Treasury/406 - Second movement.flac,missing_date,
CLASSICAL,/data/Music/CLASSICAL/Beethoven/The Beethoven Treasury/407 - Third movement.flac,missing_date,
CLASSICAL,/data/Music/CLASSICAL/Beethoven/The Beethoven Treasury/408 - Fourth movement.flac,missing_date,
CLASSICAL,/data/Music/CLASSICAL/Beethoven/The Beethoven Treasury/409 - Fifth movement.flac,missing_date,
CLASSICAL,/data/Music/CLASSICAL/Beethoven/The Beethoven Treasury/501 - Egmont Overture.flac,missing_date,
CLASSICAL,/data/Music/CLASSICAL/Beethoven/The Beethoven Treasury/502 - Symphony No. 7 in A Major.flac,missing_date,
CLASSICAL,/data/Music/CLASSICAL/Beethoven/The Beethoven Treasury/503 - Second movement.flac,missing_date,
CLASSICAL,/data/Music/CLASSICAL/Beethoven/The Beethoven Treasury/504 - Third movement.flac,missing_date,
CLASSICAL,/data/Music/CLASSICAL/Beethoven/The Beethoven Treasury/505 - Fourth movement.flac,missing_date,
CLASSICAL,/data/Music/CLASSICAL/Beethoven/The Beethoven Treasury/506 - Symphony No. 8 in F Major.flac,missing_date,
CLASSICAL,/data/Music/CLASSICAL/Beethoven/The Beethoven Treasury/507 - Second movement.flac,missing_date,
CLASSICAL,/data/Music/CLASSICAL/Beethoven/The Beethoven Treasury/508 - Third movement.flac,missing_date,
CLASSICAL,/data/Music/CLASSICAL/Beethoven/The Beethoven Treasury/509 - Fourth movement.flac,missing_date,
CLASSICAL,/data/Music/CLASSICAL/Beethoven/The Beethoven Treasury/510 - Turkish march from the ruins of Athens.flac,missing_date,
CLASSICAL,/data/Music/CLASSICAL/Beethoven/The Beethoven Treasury/601 - Leonora Overture No. 3.flac,missing_date,
CLASSICAL,/data/Music/CLASSICAL/Beethoven/The Beethoven Treasury/602 - Sonata No. 14 in C Sharp Minor.flac,missing_date,
CLASSICAL,/data/Music/CLASSICAL/Beethoven/The Beethoven Treasury/603 - Second movement.flac,missing_date,
CLASSICAL,/data/Music/CLASSICAL/Beethoven/The Beethoven Treasury/604 - Third movement.flac,missing_date,
CLASSICAL,/data/Music/CLASSICAL/Beethoven/The Beethoven Treasury/605 - Piano Concerto No. 5 in E Flat.flac,missing_date,
CLASSICAL,/data/Music/CLASSICAL/Beethoven/The Beethoven Treasury/606 - Second movement.flac,missing_date,
CLASSICAL,/data/Music/CLASSICAL/Beethoven/The Beethoven Treasury/607 - Third movement.flac,missing_date,
CLASSICAL,/data/Music/CLASSICAL/Beethoven/The Beethoven Treasury/701 - Symphony No. 9 in D Minor.flac,missing_date,
CLASSICAL,/data/Music/CLASSICAL/Beethoven/The Beethoven Treasury/702 - Second movement.flac,missing_date,
CLASSICAL,/data/Music/CLASSICAL/Beethoven/The Beethoven Treasury/703 - Third movement.flac,missing_date,
CLASSICAL,/data/Music/CLASSICAL/Beethoven/The Beethoven Treasury/704 - Fourth movement.flac,missing_date,
CLASSICAL,"/data/Music/CLASSICAL/Beethoven/The Five Piano Concertos/01 - Concerto No. 1 in C, Op. 15 I. Allegro con brio - Seiji Oza.mp3",missing_date,
CLASSICAL,"/data/Music/CLASSICAL/Beethoven/The Five Piano Concertos/02 - Concerto No. 1 in C, Op. 15 II. Largo - Seiji Ozawa.mp3",missing_date,
CLASSICAL,"/data/Music/CLASSICAL/Beethoven/The Five Piano Concertos/03 - Concerto No. 1 in C, Op. 15 III. Rondo Allegro scherzando .mp3",missing_date,
CLASSICAL,"/data/Music/CLASSICAL/Beethoven/The Five Piano Concertos/04 - Concerto No. 2 in B-flat, Op. 19 I. Allegro con brio - Seij.mp3",missing_date,
CLASSICAL,"/data/Music/CLASSICAL/Beethoven/The Five Piano Concertos/05 - Concerto No. 2 in B-flat, Op. 19 II. Adagio - Seiji Ozawa.mp3",missing_date,
CLASSICAL,"/data/Music/CLASSICAL/Beethoven/The Five Piano Concertos/06 - Concerto No. 2 in B-flat, Op. 19 III. Rondo Molto allegro .mp3",missing_date,
CLASSICAL,"/data/Music/CLASSICAL/Beethoven/The Five Piano Concertos/07 - Concerto No. 3 in C minor, Op. 37 I. Allegro con brio - Sei.mp3",missing_date,
CLASSICAL,"/data/Music/CLASSICAL/Beethoven/The Five Piano Concertos/08 - Concerto No. 3 in C minor, Op. 37 II. Largo - Seiji Ozawa.mp3",missing_date,
CLASSICAL,"/data/Music/CLASSICAL/Beethoven/The Five Piano Concertos/09 - Concerto No. 3 in C minor, Op. 37 III. Rondo Allegro - Sei.mp3",missing_date,
CLASSICAL,"/data/Music/CLASSICAL/Beethoven/The Five Piano Concertos/10 - Concerto No. 4 in G, Op. 58 I. Allegro moderato - Seiji Oza.mp3",missing_date,
CLASSICAL,"/data/Music/CLASSICAL/Beethoven/The Five Piano Concertos/11 - Concerto No. 4 in G, Op. 58 II. Andante con moto - Seiji Oz.mp3",missing_date,
CLASSICAL,"/data/Music/CLASSICAL/Beethoven/The Five Piano Concertos/12 - Concerto No. 4 in G, Op. 58 III. Rondo Vivace - Seiji Ozaw.mp3",missing_date,
CLASSICAL,"/data/Music/CLASSICAL/Beethoven/The Five Piano Concertos/13 - Concerto No. 5 in E-flat, Op. 73 Emperor I. Allegro - Sei.mp3",missing_date,
CLASSICAL,"/data/Music/CLASSICAL/Beethoven/The Five Piano Concertos/14 - Concerto No. 5 in E-flat, Op. 73 Emperor II. Adagio un po.mp3",missing_date,
CLASSICAL,"/data/Music/CLASSICAL/Beethoven/The Five Piano Concertos/15 - Concerto No. 5 in E-flat, Op. 73 Emperor III. Rondo Alle.mp3",missing_date,
CLASSICAL,/data/Music/CLASSICAL/Borodin - Polovtsian Dances/Borodin - Polovtsian Dance No. 1.mp3,missing_tracknumber,
CLASSICAL,/data/Music/CLASSICAL/Borodin - Polovtsian Dances/Borodin - Polovtsian Dance No. 1.mp3,missing_date,
CLASSICAL,/data/Music/CLASSICAL/Borodin - Polovtsian Dances/Borodin - Polovtsian Dances.mp3,missing_tracknumber,
CLASSICAL,/data/Music/CLASSICAL/Borodin - Polovtsian Dances/Borodin - Polovtsian Dances.mp3,missing_date,
CLASSICAL,"/data/Music/CLASSICAL/Borodin - Polovtsian Dances/Borodin - Prince Igor, Polovtsian Dances 8 and.mp3",missing_tracknumber,
CLASSICAL,"/data/Music/CLASSICAL/Borodin - Polovtsian Dances/Borodin - Prince Igor, Polovtsian Dances 8 and.mp3",missing_date,
CLASSICAL,/data/Music/CLASSICAL/Brahms/Brahms/00 - Choralespiele  Op. 122 #10 BRA.mp3,missing_tracknumber,
CLASSICAL,/data/Music/CLASSICAL/Brahms/Brahms/00 - Choralespiele Op. 122 #9 Johan.mp3,missing_tracknumber,
CLASSICAL,/data/Music/CLASSICAL/Brahms/Brahms/The Music Bible - Brahms' Lullaby.mp3,missing_tracknumber,
CLASSICAL,/data/Music/CLASSICAL/Brahms/Brahms/The Music Bible - Wiegenlied ( Brahms' Lullaby).mp3,missing_tracknumber,
CLASSICAL,/data/Music/CLASSICAL/Choir of The Russian Church of The Metropolitan of Paris/Choir of The Russian Church - Lord Hear My Prayer.flac,missing_tracknumber,
CLASSICAL,/data/Music/CLASSICAL/Choir of The Russian Church of The Metropolitan of Paris/Choir of The Russian Church - Lord Hear My Prayer.flac,missing_date,
CLASSICAL,/data/Music/CLASSICAL/Choir of The Russian Church of The Metropolitan of Paris/From Vinyl Record/Solo G. Pavlenko - I Believe (The Creed).flac,missing_tracknumber,
CLASSICAL,/data/Music/CLASSICAL/Choir of The Russian Church of The Metropolitan of Paris/From Vinyl Record/Solo G. Pavlenko - I Believe (The Creed).flac,missing_date,
CLASSICAL,/data/Music/CLASSICAL/Choir of The Russian Church of The Metropolitan of Paris/Solo G. Pavlenko - I Believe (The Creed).flac,missing_tracknumber,
CLASSICAL,/data/Music/CLASSICAL/Choir of The Russian Church of The Metropolitan of Paris/Solo G. Pavlenko - I Believe (The Creed).flac,missing_date,
CLASSICAL,/data/Music/CLASSICAL/Choir of The Russian Church of The Metropolitan of Paris/Solo G. Pavlenko - I Believe (The Creed).ogg,missing_tracknumber,
CLASSICAL,/data/Music/CLASSICAL/Choir of The Russian Church of The Metropolitan of Paris/Solo G. Pavlenko - I Believe (The Creed).ogg,missing_date,
CLASSICAL,/data/Music/CLASSICAL/Compilation CDs/Classic Masters/01 - Scherezade - Festival at Baghdad.mp3,missing_date,
CLASSICAL,/data/Music/CLASSICAL/Compilation CDs/Classic Masters/02 - Beethoven - Moonlight Sonata.mp3,missing_date,
CLASSICAL,/data/Music/CLASSICAL/Compilation CDs/Classic Masters/03 - Mozart - Rondo.mp3,missing_date,
CLASSICAL,/data/Music/CLASSICAL/Compilation CDs/Classic Masters/04 - Berlioz - March to the Scaffold.mp3,missing_date,
CLASSICAL,/data/Music/CLASSICAL/Compilation CDs/Classic Masters/05 - Handel - Fireworks Bourree.mp3,missing_date,
CLASSICAL,/data/Music/CLASSICAL/Compilation CDs/Classic Masters/07 - Chopin - Piano Concerto No1.mp3,missing_date,
CLASSICAL,/data/Music/CLASSICAL/Compilation CDs/Classic Masters/08 - Tchaikovski - Symphony No 6 Pathetique.mp3,missing_date,
CLASSICAL,/data/Music/CLASSICAL/Compilation CDs/Classic Masters/09 - Handel - Water Music - Bourree.mp3,missing_date,
CLASSICAL,/data/Music/CLASSICAL/Compilation CDs/Classic Masters/10 - Chopin - Eyudes Op 10 No 1.mp3,missing_date,
CLASSICAL,"/data/Music/CLASSICAL/Compilation CDs/Classical Love/201 Chopin - Etude Op10, No3 - Berezovsky.mp3",missing_date,
CLASSICAL,/data/Music/CLASSICAL/Compilation CDs/Classical Love/205 Bach - Prelude in C major - Nordman.mp3,missing_date,
CLASSICAL,/data/Music/CLASSICAL/Compilation CDs/Classical Love/206 Tchaikovsky - Romeo and Juliet Fantasy Overture.mp3,missing_date,
CLASSICAL,/data/Music/CLASSICAL/Compilation CDs/Classical Love/207 Liszt - Lieberstraum - Queffelec.mp3,missing_date,
CLASSICAL,/data/Music/CLASSICAL/Compilation CDs/Die Moldau - André Previn - LA Philharmonic/001 - Glinka - Russlan and Ludmilla.flac,missing_date,
CLASSICAL,/data/Music/CLASSICAL/Compilation CDs/Proms Classics/01 - Berlioz - The Roman Carnival.mp3,missing_date,
CLASSICAL,/data/Music/CLASSICAL/Compilation CDs/Proms Classics/02 - Faure - Pavane.mp3,missing_date,
CLASSICAL,/data/Music/CLASSICAL/Compilation CDs/Proms Classics/03 - Massenet - Meditation from Thais.mp3,missing_date,
CLASSICAL,/data/Music/CLASSICAL/Compilation CDs/Proms Classics/07 - Saint-Saens Rondo Capriccioso Op 28.mp3,missing_date,
CLASSICAL,"/data/Music/CLASSICAL/Elgar - Enigma Variations op. 36, Cockaigne Overture op. 40, Serenade for String Orchestra op. 20/01.- Cockaigne Overture ''In London Town'', Op. 40.flac",missing_albumartist,
CLASSICAL,"/data/Music/CLASSICAL/Elgar - Enigma Variations op. 36, Cockaigne Overture op. 40, Serenade for String Orchestra op. 20/02.- Introduction and Allegro for strings in G major, Op. 47.flac",missing_albumartist,
CLASSICAL,"/data/Music/CLASSICAL/Elgar - Enigma Variations op. 36, Cockaigne Overture op. 40, Serenade for String Orchestra op. 20/03.- Serenade in E minor, Op. 20- I. Allegro piacevole.flac",missing_albumartist,
CLASSICAL,"/data/Music/CLASSICAL/Elgar - Enigma Variations op. 36, Cockaigne Overture op. 40, Serenade for String Orchestra op. 20/04.- Serenade in E minor, Op. 20- II. Larghetto.flac",missing_albumartist,
CLASSICAL,"/data/Music/CLASSICAL/Elgar - Enigma Variations op. 36, Cockaigne Overture op. 40, Serenade for String Orchestra op. 20/05.- Serenade in E minor, Op. 20- III. Allegretto.flac",missing_albumartist,
CLASSICAL,"/data/Music/CLASSICAL/Elgar - Enigma Variations op. 36, Cockaigne Overture op. 40, Serenade for String Orchestra op. 20/06.- Enigma Variations, Op. 36- Introduction (Enigma theme).flac",missing_albumartist,
CLASSICAL,"/data/Music/CLASSICAL/Elgar - Enigma Variations op. 36, Cockaigne Overture op. 40, Serenade for String Orchestra op. 20/07.- Enigma Variations, Op. 36- I. (C.A.E.)- L'istesso tempo.flac",missing_albumartist,
CLASSICAL,"/data/Music/CLASSICAL/Elgar - Enigma Variations op. 36, Cockaigne Overture op. 40, Serenade for String Orchestra op. 20/08.- Enigma Variations, Op. 36- II. (H.D.S.-P.)- Allegro.flac",missing_albumartist,
CLASSICAL,"/data/Music/CLASSICAL/Elgar - Enigma Variations op. 36, Cockaigne Overture op. 40, Serenade for String Orchestra op. 20/09.- Enigma Variations, Op. 36- III. (R.B.T.)- Allegretto.flac",missing_albumartist,
CLASSICAL,"/data/Music/CLASSICAL/Elgar - Enigma Variations op. 36, Cockaigne Overture op. 40, Serenade for String Orchestra op. 20/10.- Enigma Variations, Op. 36- IV. (W.M.B.)- Allegro di molto.flac",missing_albumartist,
CLASSICAL,"/data/Music/CLASSICAL/Elgar - Enigma Variations op. 36, Cockaigne Overture op. 40, Serenade for String Orchestra op. 20/11.- Enigma Variations, Op. 36- V. (R.P.A.)- Moderato.flac",missing_albumartist,
CLASSICAL,"/data/Music/CLASSICAL/Elgar - Enigma Variations op. 36, Cockaigne Overture op. 40, Serenade for String Orchestra op. 20/12.- Enigma Variations, Op. 36- VI. (Ysobel.)- Andantino.flac",missing_albumartist,
CLASSICAL,"/data/Music/CLASSICAL/Elgar - Enigma Variations op. 36, Cockaigne Overture op. 40, Serenade for String Orchestra op. 20/13.- Enigma Variations, Op. 36- VII. (Troyte.)- Presto.flac",missing_albumartist,
CLASSICAL,"/data/Music/CLASSICAL/Elgar - Enigma Variations op. 36, Cockaigne Overture op. 40, Serenade for String Orchestra op. 20/14.- Enigma Variations, Op. 36- VIII. (W.N.)- Allegretto.flac",missing_albumartist,
CLASSICAL,"/data/Music/CLASSICAL/Elgar - Enigma Variations op. 36, Cockaigne Overture op. 40, Serenade for String Orchestra op. 20/15.- Enigma Variations, Op. 36- IX. (Nimrod.)- Adagio.flac",missing_albumartist,
CLASSICAL,"/data/Music/CLASSICAL/Elgar - Enigma Variations op. 36, Cockaigne Overture op. 40, Serenade for String Orchestra op. 20/16.- Enigma Variations, Op. 36- X. Intermezzo (Dorabella)- Allegretto.flac",missing_albumartist,
CLASSICAL,"/data/Music/CLASSICAL/Elgar - Enigma Variations op. 36, Cockaigne Overture op. 40, Serenade for String Orchestra op. 20/17.- Enigma Variations, Op. 36- XI. (G.R.S.)- Allegro di molto.flac",missing_albumartist,
CLASSICAL,"/data/Music/CLASSICAL/Elgar - Enigma Variations op. 36, Cockaigne Overture op. 40, Serenade for String Orchestra op. 20/18.- Enigma Variations, Op. 36- XII. (B.G.N.)- Andante.flac",missing_albumartist,
CLASSICAL,"/data/Music/CLASSICAL/Elgar - Enigma Variations op. 36, Cockaigne Overture op. 40, Serenade for String Orchestra op. 20/19.- Enigma Variations, Op. 36- XIII. Romanza- Moderato.flac",missing_albumartist,
CLASSICAL,"/data/Music/CLASSICAL/Elgar - Enigma Variations op. 36, Cockaigne Overture op. 40, Serenade for String Orchestra op. 20/20.- Enigma Variations, Op. 36- XIV. Finale (E.D.U.)- Allegro - Presto.flac",missing_albumartist,
CLASSICAL,/data/Music/CLASSICAL/Glasgow Phoenix Choir - Iona Abbey/101 - Bunessan (Morning Has Broken).flac,missing_tracknumber,
CLASSICAL,/data/Music/CLASSICAL/Glasgow Phoenix Choir - Iona Abbey/101 - Bunessan (Morning Has Broken).flac,missing_date,
CLASSICAL,/data/Music/CLASSICAL/Glasgow Phoenix Choir - Iona Abbey/102 - Iona.flac,missing_tracknumber,
CLASSICAL,/data/Music/CLASSICAL/Glasgow Phoenix Choir - Iona Abbey/102 - Iona.flac,missing_date,
CLASSICAL,/data/Music/CLASSICAL/Glasgow Phoenix Choir - Iona Abbey/103 - Iona Boat Song.flac,missing_tracknumber,
CLASSICAL,/data/Music/CLASSICAL/Glasgow Phoenix Choir - Iona Abbey/103 - Iona Boat Song.flac,missing_date,
CLASSICAL,/data/Music/CLASSICAL/Glasgow Phoenix Choir - Iona Abbey/104 - Highland Cathedral.flac,missing_tracknumber,
CLASSICAL,/data/Music/CLASSICAL/Glasgow Phoenix Choir - Iona Abbey/104 - Highland Cathedral.flac,missing_date,
CLASSICAL,/data/Music/CLASSICAL/Glasgow Phoenix Choir - Iona Abbey/105 - Kyrie Eleison.flac,missing_tracknumber,
CLASSICAL,/data/Music/CLASSICAL/Glasgow Phoenix Choir - Iona Abbey/105 - Kyrie Eleison.flac,missing_date,
CLASSICAL,/data/Music/CLASSICAL/Glasgow Phoenix Choir - Iona Abbey/106 - Pie Jesu.flac,missing_tracknumber,
CLASSICAL,/data/Music/CLASSICAL/Glasgow Phoenix Choir - Iona Abbey/106 - Pie Jesu.flac,missing_date,
CLASSICAL,/data/Music/CLASSICAL/Glasgow Phoenix Choir - Iona Abbey/107 - The Lamb.flac,missing_tracknumber,
CLASSICAL,/data/Music/CLASSICAL/Glasgow Phoenix Choir - Iona Abbey/107 - The Lamb.flac,missing_date,
CLASSICAL,/data/Music/CLASSICAL/Glasgow Phoenix Choir - Iona Abbey/108 - Ave Maria.flac,missing_tracknumber,
CLASSICAL,/data/Music/CLASSICAL/Glasgow Phoenix Choir - Iona Abbey/108 - Ave Maria.flac,missing_date,
CLASSICAL,/data/Music/CLASSICAL/Glasgow Phoenix Choir - Iona Abbey/109 - Ave Verum Corpus - Mozart.flac,missing_tracknumber,
CLASSICAL,/data/Music/CLASSICAL/Glasgow Phoenix Choir - Iona Abbey/109 - Ave Verum Corpus - Mozart.flac,missing_date,
CLASSICAL,/data/Music/CLASSICAL/Glasgow Phoenix Choir - Iona Abbey/110 - Bogoroditse Devo (Ave Maria).flac,missing_tracknumber,
CLASSICAL,/data/Music/CLASSICAL/Glasgow Phoenix Choir - Iona Abbey/110 - Bogoroditse Devo (Ave Maria).flac,missing_date,
CLASSICAL,/data/Music/CLASSICAL/Glasgow Phoenix Choir - Iona Abbey/111 - Taladh Chriosta.flac,missing_tracknumber,
CLASSICAL,/data/Music/CLASSICAL/Glasgow Phoenix Choir - Iona Abbey/111 - Taladh Chriosta.flac,missing_date,
CLASSICAL,/data/Music/CLASSICAL/Glasgow Phoenix Choir - Iona Abbey/112 - Clare Benediction.flac,missing_tracknumber,
CLASSICAL,/data/Music/CLASSICAL/Glasgow Phoenix Choir - Iona Abbey/112 - Clare Benediction.flac,missing_date,
CLASSICAL,/data/Music/CLASSICAL/Glasgow Phoenix Choir - Iona Abbey/113 - All in the April Evening.flac,missing_tracknumber,
CLASSICAL,/data/Music/CLASSICAL/Glasgow Phoenix Choir - Iona Abbey/113 - All in the April Evening.flac,missing_date,
CLASSICAL,/data/Music/CLASSICAL/Glasgow Phoenix Choir - Iona Abbey/114 - God So Loved the World.flac,missing_tracknumber,
CLASSICAL,/data/Music/CLASSICAL/Glasgow Phoenix Choir - Iona Abbey/114 - God So Loved the World.flac,missing_date,
CLASSICAL,/data/Music/CLASSICAL/Glasgow Phoenix Choir - Iona Abbey/115 - The Singer.flac,missing_tracknumber,
CLASSICAL,/data/Music/CLASSICAL/Glasgow Phoenix Choir - Iona Abbey/115 - The Singer.flac,missing_date,
CLASSICAL,/data/Music/CLASSICAL/Glasgow Phoenix Choir - Iona Abbey/116 - Highland Mary.flac,missing_tracknumber,
CLASSICAL,/data/Music/CLASSICAL/Glasgow Phoenix Choir - Iona Abbey/116 - Highland Mary.flac,missing_date,
CLASSICAL,/data/Music/CLASSICAL/Glasgow Phoenix Choir - Iona Abbey/117 - Scots Wha Hae.flac,missing_tracknumber,
CLASSICAL,/data/Music/CLASSICAL/Glasgow Phoenix Choir - Iona Abbey/117 - Scots Wha Hae.flac,missing_date,
CLASSICAL,"/data/Music/CLASSICAL/Haydn/Haydn Quartets Op. 33 Nos 1, 2 & 4 - The Lindsays/01 - Quartet no 1 in B minor I. Allegro moderato .mp3",missing_date,
CLASSICAL,"/data/Music/CLASSICAL/Haydn/Haydn Quartets Op. 33 Nos 1, 2 & 4 - The Lindsays/02 - ... II. Scherzo - allegro di molto.mp3",missing_date,
CLASSICAL,"/data/Music/CLASSICAL/Haydn/Haydn Quartets Op. 33 Nos 1, 2 & 4 - The Lindsays/03 - ... III. Andante.mp3",missing_date,
CLASSICAL,"/data/Music/CLASSICAL/Haydn/Haydn Quartets Op. 33 Nos 1, 2 & 4 - The Lindsays/04 - ... IV. Presto.mp3",missing_date,
CLASSICAL,"/data/Music/CLASSICAL/Haydn/Haydn Quartets Op. 33 Nos 1, 2 & 4 - The Lindsays/05 - Quartet no 2 in E flat I. Allegro moderato .mp3",missing_date,
CLASSICAL,"/data/Music/CLASSICAL/Haydn/Haydn Quartets Op. 33 Nos 1, 2 & 4 - The Lindsays/06 - ... II. Scherzo - allegro.mp3",missing_date,
CLASSICAL,"/data/Music/CLASSICAL/Haydn/Haydn Quartets Op. 33 Nos 1, 2 & 4 - The Lindsays/07 - ... III. Largo e sostenuto.mp3",missing_date,
CLASSICAL,"/data/Music/CLASSICAL/Haydn/Haydn Quartets Op. 33 Nos 1, 2 & 4 - The Lindsays/08 - ... IV. Presto.mp3",missing_date,
CLASSICAL,"/data/Music/CLASSICAL/Haydn/Haydn Quartets Op. 33 Nos 1, 2 & 4 - The Lindsays/09 - Quartet no 3 in B flat I. Allegro moderato .mp3",missing_date,
CLASSICAL,"/data/Music/CLASSICAL/Haydn/Haydn Quartets Op. 33 Nos 1, 2 & 4 - The Lindsays/10 - ... II. Scherzo - allegretto.mp3",missing_date,
CLASSICAL,"/data/Music/CLASSICAL/Haydn/Haydn Quartets Op. 33 Nos 1, 2 & 4 - The Lindsays/11 - ... III. Largo.mp3",missing_date,
CLASSICAL,"/data/Music/CLASSICAL/Haydn/Haydn Quartets Op. 33 Nos 1, 2 & 4 - The Lindsays/12 - ... IV. Presto.mp3",missing_date,
CLASSICAL,/data/Music/CLASSICAL/Haydn/Various/Haydn-Symphony No. 77 Mvt 4.mp3,missing_tracknumber,
CLASSICAL,"/data/Music/CLASSICAL/Holst - The Planets - Egdon Heath/01.- Mars, the Bringer of War.flac",missing_albumartist,
CLASSICAL,"/data/Music/CLASSICAL/Holst - The Planets - Egdon Heath/02.- Venus, the Bringer of Peace.flac",missing_albumartist,
CLASSICAL,"/data/Music/CLASSICAL/Holst - The Planets - Egdon Heath/03.- Mercury, the Winged Messenger.flac",missing_albumartist,
CLASSICAL,"/data/Music/CLASSICAL/Holst - The Planets - Egdon Heath/04.- Jupiter, the Bringer of Jollity.flac",missing_albumartist,
CLASSICAL,"/data/Music/CLASSICAL/Holst - The Planets - Egdon Heath/05.- Saturn, the Bringer of Old Age.flac",missing_albumartist,
CLASSICAL,"/data/Music/CLASSICAL/Holst - The Planets - Egdon Heath/06.- Uranus, the Magician.flac",missing_albumartist,
CLASSICAL,"/data/Music/CLASSICAL/Holst - The Planets - Egdon Heath/07.- Neptune, the Mystic.flac",missing_albumartist,
CLASSICAL,/data/Music/CLASSICAL/Holst - The Planets - Egdon Heath/08.- Egdon Heath.flac,missing_albumartist,
CLASSICAL,"/data/Music/CLASSICAL/Jussi Björling Collection, Vol. 2 - Songs in Swedish (1929-1937)/101 - Torna a Surriento (Come Back to Sorrento).flac",missing_date,
CLASSICAL,"/data/Music/CLASSICAL/Jussi Björling Collection, Vol. 2 - Songs in Swedish (1929-1937)/102 - For dig allen (For You Alone).flac",missing_date,
CLASSICAL,"/data/Music/CLASSICAL/Jussi Björling Collection, Vol. 2 - Songs in Swedish (1929-1937)/103 - Sommarnatt (Summer Night).flac",missing_date,
CLASSICAL,"/data/Music/CLASSICAL/Jussi Björling Collection, Vol. 2 - Songs in Swedish (1929-1937)/104 - Mattinata.flac",missing_date,
CLASSICAL,"/data/Music/CLASSICAL/Jussi Björling Collection, Vol. 2 - Songs in Swedish (1929-1937)/105 - Serenata.flac",missing_date,
CLASSICAL,"/data/Music/CLASSICAL/Jussi Björling Collection, Vol. 2 - Songs in Swedish (1929-1937)/106 - I dag (Today).flac",missing_date,
CLASSICAL,"/data/Music/CLASSICAL/Jussi Björling Collection, Vol. 2 - Songs in Swedish (1929-1937)/107 - Violer (Salut d'amour).flac",missing_date,
CLASSICAL,"/data/Music/CLASSICAL/Jussi Björling Collection, Vol. 2 - Songs in Swedish (1929-1937)/108 - Tantis serenad.flac",missing_date,
CLASSICAL,"/data/Music/CLASSICAL/Jussi Björling Collection, Vol. 2 - Songs in Swedish (1929-1937)/109 - Carmela.flac",missing_date,
CLASSICAL,"/data/Music/CLASSICAL/Jussi Björling Collection, Vol. 2 - Songs in Swedish (1929-1937)/110 - Bliv min, sa ar varlden min (Love Me and the World is Mine).flac",missing_date,
CLASSICAL,"/data/Music/CLASSICAL/Jussi Björling Collection, Vol. 2 - Songs in Swedish (1929-1937)/111 - I lyckans tempelgard (In the Sanctuary of Happiness).flac",missing_date,
CLASSICAL,"/data/Music/CLASSICAL/Jussi Björling Collection, Vol. 2 - Songs in Swedish (1929-1937)/112 - O milda sang (O Sweet Song).flac",missing_date,
CLASSICAL,"/data/Music/CLASSICAL/Jussi Björling Collection, Vol. 2 - Songs in Swedish (1929-1937)/113 - Varfor alska jag (Why Do I Love).flac",missing_date,
CLASSICAL,"/data/Music/CLASSICAL/Jussi Björling Collection, Vol. 2 - Songs in Swedish (1929-1937)/114 - Min sommarmelodi (My Summer Tune).flac",missing_date,
CLASSICAL,"/data/Music/CLASSICAL/Jussi Björling Collection, Vol. 2 - Songs in Swedish (1929-1937)/115 - Svarta ogon (Dark Eyes).flac",missing_date,
CLASSICAL,"/data/Music/CLASSICAL/Jussi Björling Collection, Vol. 2 - Songs in Swedish (1929-1937)/116 - Min langtan ar du (You Are My Yearning).flac",missing_date,
CLASSICAL,"/data/Music/CLASSICAL/Jussi Björling Collection, Vol. 2 - Songs in Swedish (1929-1937)/117 - Klowens tango (Klovnens tango).flac",missing_date,
CLASSICAL,"/data/Music/CLASSICAL/Jussi Björling Collection, Vol. 2 - Songs in Swedish (1929-1937)/118 - Ninon.flac",missing_date,
CLASSICAL,"/data/Music/CLASSICAL/Jussi Björling Collection, Vol. 2 - Songs in Swedish (1929-1937)/119 - Gitarren klingar (Guitar Sounds).flac",missing_date,
CLASSICAL,"/data/Music/CLASSICAL/Jussi Björling Collection, Vol. 2 - Songs in Swedish (1929-1937)/120 - Ay, ay, ay.flac",missing_date,
CLASSICAL,"/data/Music/CLASSICAL/Jussi Björling Collection, Vol. 2 - Songs in Swedish (1929-1937)/121 - Ungdomsdrommar (Dreams of Long Ago).flac",missing_date,
CLASSICAL,"/data/Music/CLASSICAL/Jussi Björling Collection, Vol. 2 - Songs in Swedish (1929-1937)/122 - Sommargladje (Summer Joy).flac",missing_date,
CLASSICAL,"/data/Music/CLASSICAL/Jussi Björling Collection, Vol. 2 - Songs in Swedish (1929-1937)/123 - Barndomshemmet (On the Banks of the Wabash).flac",missing_date,
CLASSICAL,/data/Music/CLASSICAL/Khachaturian/07 - Khachaturian - Houston Symphony Orchestra - Gayane Suite for orchestra No. 3 Sabre Dance.mp3,missing_date,
CLASSICAL,"/data/Music/CLASSICAL/Mozart/Favourite Mozart - Vladimir Ashkenazy/Piano Concerto No. 20 in D minor, K466 - Allegro.mp3",missing_date,
CLASSICAL,"/data/Music/CLASSICAL/Mozart/Favourite Mozart - Vladimir Ashkenazy/Piano Concerto No. 20 in D minor, K466 - Romanze.mp3",missing_date,
CLASSICAL,"/data/Music/CLASSICAL/Mozart/Favourite Mozart - Vladimir Ashkenazy/Piano Concerto No. 20 in D minor, K466 Rondo- Allegro assai.mp3",missing_date,
CLASSICAL,"/data/Music/CLASSICAL/Mozart/Favourite Mozart - Vladimir Ashkenazy/Piano Concerto No. 21 in C major, K467  Allegro vivace assai.mp3",missing_date,
CLASSICAL,"/data/Music/CLASSICAL/Mozart/Favourite Mozart - Vladimir Ashkenazy/Piano Concerto No. 21 in C major, K467 - Allegro maestoso.mp3",missing_date,
CLASSICAL,"/data/Music/CLASSICAL/Mozart/Favourite Mozart - Vladimir Ashkenazy/Piano Concerto No. 21 in C major, K467 - Andante.mp3",missing_date,
CLASSICAL,"/data/Music/CLASSICAL/Mozart/Favourite Mozart - Vladimir Ashkenazy/Piano Concerto No. 23 in A major, K488 - 01 Allegro.mp3",missing_date,
CLASSICAL,"/data/Music/CLASSICAL/Mozart/Favourite Mozart - Vladimir Ashkenazy/Piano Concerto No. 23 in A major, K488 - 02 Andante.mp3",missing_date,
CLASSICAL,"/data/Music/CLASSICAL/Mozart/Favourite Mozart - Vladimir Ashkenazy/Piano Concerto No. 23 in A major, K488 - 03 Presto.mp3",missing_date,
CLASSICAL,"/data/Music/CLASSICAL/Mozart/Favourite Mozart - Vladimir Ashkenazy/Piano Concerto No. 27 in B flat major, K595 - 01 Allegro.mp3",missing_date,
CLASSICAL,"/data/Music/CLASSICAL/Mozart/Favourite Mozart - Vladimir Ashkenazy/Piano Concerto No. 27 in B flat major, K595 - 02 Larghetto.mp3",missing_date,
CLASSICAL,"/data/Music/CLASSICAL/Mozart/Favourite Mozart - Vladimir Ashkenazy/Piano Concerto No. 27 in B flat major, K595 - 03 Allegro.mp3",missing_date,
CLASSICAL,"/data/Music/CLASSICAL/Mozart/Favourite Mozart - Vladimir Ashkenazy/Piano Sonata in D major, K576 - 01 Allegro.mp3",missing_date,
CLASSICAL,"/data/Music/CLASSICAL/Mozart/Favourite Mozart - Vladimir Ashkenazy/Piano Sonata in D major, K576 - 02 Adagio.mp3",missing_date,
CLASSICAL,"/data/Music/CLASSICAL/Mozart/Favourite Mozart - Vladimir Ashkenazy/Piano Sonata in D major, K576 - 03 Larghetto.mp3",missing_date,
CLASSICAL,"/data/Music/CLASSICAL/Mozart/Favourite Mozart - Vladimir Ashkenazy/Rondo in A minor, K511.mp3",missing_date,
CLASSICAL,/data/Music/CLASSICAL/Mozart/Piano Concertos - Serkin & Abbado/201 - Konzert für Klaver und Orchester Nr. 9 Es-dur KV 271 'Jeunehomme' - Allegro.flac,missing_date,
CLASSICAL,/data/Music/CLASSICAL/Mozart/Piano Concertos - Serkin & Abbado/202 - Konzert für Klaver und Orchester Nr. 9 Es-dur KV 271 'Jeunehomme' - Andantino.flac,missing_date,
CLASSICAL,/data/Music/CLASSICAL/Mozart/Piano Concertos - Serkin & Abbado/203 - Konzert für Klaver und Orchester Nr. 9 Es-dur KV 271 'Jeunehomme' - Rondo Presto.flac,missing_date,
CLASSICAL,/data/Music/CLASSICAL/Mozart/Piano Concertos - Serkin & Abbado/204 - Concert No. 17 in G Major - K.453 - Allegro.flac,missing_date,
CLASSICAL,/data/Music/CLASSICAL/Mozart/Piano Concertos - Serkin & Abbado/205 - Concert No. 17 in G Major - K.453 - 17-Andande.flac,missing_date,
CLASSICAL,/data/Music/CLASSICAL/Mozart/Piano Concertos - Serkin & Abbado/206 - Concert No. 17 in G Major - K.453 - 17-Allegretto.flac,missing_date,
CLASSICAL,"/data/Music/CLASSICAL/Mozart/Piano Concertos - Serkin & Abbado/301 - Piano Concerto No. 15 in B flat major, K 450 - Allegro.flac",missing_date,
CLASSICAL,"/data/Music/CLASSICAL/Mozart/Piano Concertos - Serkin & Abbado/302 - Piano Concerto No. 15 in B flat major, K 450 - Andante.flac",missing_date,
CLASSICAL,"/data/Music/CLASSICAL/Mozart/Piano Concertos - Serkin & Abbado/303 - Piano Concerto No. 15 in B flat major, K 450 - Allegro.flac",missing_date,
CLASSICAL,"/data/Music/CLASSICAL/Mozart/Piano Concertos - Serkin & Abbado/304 - Piano Concerto No. 22 in E flat major, K 482 - Allegro.flac",missing_date,
CLASSICAL,"/data/Music/CLASSICAL/Mozart/Piano Concertos - Serkin & Abbado/305 - Piano Concerto No. 22 in E flat major, K 482 - Andante.flac",missing_date,
CLASSICAL,"/data/Music/CLASSICAL/Mozart/Piano Concertos - Serkin & Abbado/306 - Piano Concerto No. 22 in E flat major, K 482 - Allegro - Primo tempo.flac",missing_date,
CLASSICAL,"/data/Music/CLASSICAL/Mozart/Piano Concertos - Serkin & Abbado/401 - Piano Concerto No. 18, K456-1. Allegro vivace.flac",missing_date,
CLASSICAL,"/data/Music/CLASSICAL/Mozart/Piano Concertos - Serkin & Abbado/402 - Piano Concerto No. 18, K456-2. Andante un poco sostenuto.flac",missing_date,
CLASSICAL,"/data/Music/CLASSICAL/Mozart/Piano Concertos - Serkin & Abbado/403 - Piano Concerto No. 18, K456-3. Allegro vivace.flac",missing_date,
CLASSICAL,"/data/Music/CLASSICAL/Mozart/Piano Concertos - Serkin & Abbado/404 - Piano Concerto No. 24, K491-1. Allegro.flac",missing_date,
CLASSICAL,"/data/Music/CLASSICAL/Mozart/Piano Concertos - Serkin & Abbado/405 - Piano Concerto No. 24, K491-2. Larghetto.flac",missing_date,
CLASSICAL,"/data/Music/CLASSICAL/Mozart/Piano Concertos - Serkin & Abbado/406 - Piano Concerto No. 24, K491-3. Allegretto.flac",missing_date,
CLASSICAL,"/data/Music/CLASSICAL/Mozart/Piano Concertos - Serkin & Abbado/501 - Piano Concerto No. 25 in C, K.503 - Allegro maestoso.flac",missing_date,
CLASSICAL,"/data/Music/CLASSICAL/Mozart/Piano Concertos - Serkin & Abbado/502 - Piano Concerto No. 25 in C, K.503 - Andante.flac",missing_date,
CLASSICAL,"/data/Music/CLASSICAL/Mozart/Piano Concertos - Serkin & Abbado/503 - Piano Concerto No. 25 in C, K.503 - Allegretto.flac",missing_date,
CLASSICAL,"/data/Music/CLASSICAL/Mozart/Piano Concertos - Serkin & Abbado/504 - Piano Concerto No. 19 in C, K.459 - Allegro.flac",missing_date,
CLASSICAL,"/data/Music/CLASSICAL/Mozart/Piano Concertos - Serkin & Abbado/505 - Piano Concerto No. 19 in C, K.459 - Allegretto.flac",missing_date,
CLASSICAL,"/data/Music/CLASSICAL/Mozart/Piano Concertos - Serkin & Abbado/506 - Piano Concerto No. 19 in C, K.459 - Allegro assai.flac",missing_date,
CLASSICAL,"/data/Music/CLASSICAL/Mozart/Piano Concertos - Serkin & Abbado/601 - Concerto No. 20 in D minor, K.466 - Allegro.flac",missing_date,
CLASSICAL,"/data/Music/CLASSICAL/Mozart/Piano Concertos - Serkin & Abbado/602 - Concerto No. 20 in D minor, K.466 - Romance.flac",missing_date,
CLASSICAL,"/data/Music/CLASSICAL/Mozart/Piano Concertos - Serkin & Abbado/603 - Concerto No. 20 in D minor, K.466 - Rondo (Allegro assai).flac",missing_date,
CLASSICAL,"/data/Music/CLASSICAL/Mozart/Piano Concertos - Serkin & Abbado/604 - Concerto No. 27 in B flat major, K.595 - Allegro.flac",missing_date,
CLASSICAL,"/data/Music/CLASSICAL/Mozart/Piano Concertos - Serkin & Abbado/605 - Concerto No. 27 in B flat major, K.595 - Larghetto.flac",missing_date,
CLASSICAL,"/data/Music/CLASSICAL/Mozart/Piano Concertos - Serkin & Abbado/606 - Concerto No. 27 in B flat major, K.595 - Allegro.flac",missing_date,
CLASSICAL,/data/Music/CLASSICAL/Mozart/Piano Concertos - Serkin & Abbado/701 - Piano Concerto No. 21 in C major ('Elvira Madigan') K. 467 Allegro maestoso.flac,missing_date,
CLASSICAL,/data/Music/CLASSICAL/Mozart/Piano Concertos - Serkin & Abbado/702 - Piano Concerto No. 21 in C major ('Elvira Madigan') K. 467 Andante.flac,missing_date,
CLASSICAL,/data/Music/CLASSICAL/Mozart/Piano Concertos - Serkin & Abbado/703 - Piano Concerto No. 21 in C major ('Elvira Madigan') K. 467 Allegro vivace assai.flac,missing_date,
CLASSICAL,"/data/Music/CLASSICAL/Mozart/Piano Concertos - Serkin & Abbado/704 - Piano Concerto No. 23 in A major, K. 488 Allegro.flac",missing_date,
CLASSICAL,"/data/Music/CLASSICAL/Mozart/Piano Concertos - Serkin & Abbado/705 - Piano Concerto No. 23 in A major, K. 488 Adagio.flac",missing_date,
CLASSICAL,"/data/Music/CLASSICAL/Mozart/Piano Concertos - Serkin & Abbado/706 - Piano Concerto No. 23 in A major, K. 488 Allegro assai.flac",missing_date,
CLASSICAL,/data/Music/CLASSICAL/Mozart/Piano Sonata #10 in Cmajor/Mozart - Piano Sonata #10 in C major #2.mp3,missing_album,
CLASSICAL,/data/Music/CLASSICAL/Mozart/Piano Sonata #10 in Cmajor/Mozart - Piano Sonata #10 in C major #2.mp3,missing_albumartist,
CLASSICAL,/data/Music/CLASSICAL/Mozart/Piano Sonata #10 in Cmajor/Mozart - Piano Sonata #10 in C major #2.mp3,missing_tracknumber,
CLASSICAL,/data/Music/CLASSICAL/Mozart/Piano Sonata #10 in Cmajor/Mozart - Piano Sonata #10 in C major #3.mp3,missing_album,
CLASSICAL,/data/Music/CLASSICAL/Mozart/Piano Sonata #10 in Cmajor/Mozart - Piano Sonata #10 in C major #3.mp3,missing_albumartist,
CLASSICAL,/data/Music/CLASSICAL/Mozart/Piano Sonata #10 in Cmajor/Mozart - Piano Sonata #10 in C major #3.mp3,missing_tracknumber,
CLASSICAL,"/data/Music/CLASSICAL/Mozart/String Quartets - Hagen Quartett/101 - Divertimento in D, K.136 - Allegro.flac",missing_date,
CLASSICAL,"/data/Music/CLASSICAL/Mozart/String Quartets - Hagen Quartett/102 - Divertimento in D, K.136 - Andante.flac",missing_date,
CLASSICAL,"/data/Music/CLASSICAL/Mozart/String Quartets - Hagen Quartett/103 - Divertimento in D, K.136 - Presto.flac",missing_date,
CLASSICAL,"/data/Music/CLASSICAL/Mozart/String Quartets - Hagen Quartett/104 - Divertimento in B flat, K.137 - Andante.flac",missing_date,
CLASSICAL,"/data/Music/CLASSICAL/Mozart/String Quartets - Hagen Quartett/105 - Divertimento in B flat, K.137 - Allegro di molto.flac",missing_date,
CLASSICAL,"/data/Music/CLASSICAL/Mozart/String Quartets - Hagen Quartett/106 - Divertimento in B flat, K.137 - Allegro assai.flac",missing_date,
CLASSICAL,"/data/Music/CLASSICAL/Mozart/String Quartets - Hagen Quartett/107 - Divertimento in F, K.138 - (Allegro).flac",missing_date,
CLASSICAL,"/data/Music/CLASSICAL/Mozart/String Quartets - Hagen Quartett/108 - Divertimento in F, K.138 - Andante.flac",missing_date,
CLASSICAL,"/data/Music/CLASSICAL/Mozart/String Quartets - Hagen Quartett/109 - Divertimento in F, K.138 - Presto.flac",missing_date,
CLASSICAL,"/data/Music/CLASSICAL/Mozart/String Quartets - Hagen Quartett/110 - String Quartet No. 1 in G, K.80 - Adagio.flac",missing_date,
CLASSICAL,"/data/Music/CLASSICAL/Mozart/String Quartets - Hagen Quartett/111 - String Quartet No. 1 in G, K.80 - Allegro.flac",missing_date,
CLASSICAL,"/data/Music/CLASSICAL/Mozart/String Quartets - Hagen Quartett/112 - String Quartet No. 1 in G, K.80 - Menuetto.flac",missing_date,
CLASSICAL,"/data/Music/CLASSICAL/Mozart/String Quartets - Hagen Quartett/113 - String Quartet No. 1 in G, K.80 - Rondo.flac",missing_date,
CLASSICAL,"/data/Music/CLASSICAL/Mozart/String Quartets - Hagen Quartett/114 - String Quartet No. 2 in D, K.155 - Allegro.flac",missing_date,
CLASSICAL,"/data/Music/CLASSICAL/Mozart/String Quartets - Hagen Quartett/115 - String Quartet No. 2 in D, K.155 - Andante.flac",missing_date,
CLASSICAL,"/data/Music/CLASSICAL/Mozart/String Quartets - Hagen Quartett/116 - String Quartet No. 2 in D, K.155 - Molto allegro.flac",missing_date,
CLASSICAL,"/data/Music/CLASSICAL/Mozart/String Quartets - Hagen Quartett/117 - String Quartet No. 3 in G, K.156 - Presto.flac",missing_date,
CLASSICAL,"/data/Music/CLASSICAL/Mozart/String Quartets - Hagen Quartett/118 - String Quartet No. 3 in G, K.156 - Adagio.flac",missing_date,
CLASSICAL,"/data/Music/CLASSICAL/Mozart/String Quartets - Hagen Quartett/119 - String Quartet No. 3 in G, K.156 - Tempo di Menuetto.flac",missing_date,
CLASSICAL,/data/Music/CLASSICAL/Mozart/String Quartets - Hagen Quartett/201 - String Quartet in C KV 157 - Allegro.flac,missing_date,
CLASSICAL,/data/Music/CLASSICAL/Mozart/String Quartets - Hagen Quartett/202 - String Quartet in C KV 157 - Andante.flac,missing_date,
CLASSICAL,/data/Music/CLASSICAL/Mozart/String Quartets - Hagen Quartett/203 - String Quartet in C KV 157 - Presto.flac,missing_date,
CLASSICAL,/data/Music/CLASSICAL/Mozart/String Quartets - Hagen Quartett/204 - String Quartet in F KV 158 - Allegro.flac,missing_date,
CLASSICAL,/data/Music/CLASSICAL/Mozart/String Quartets - Hagen Quartett/205 - String Quartet in F KV 158 - Andante un poco allegretto.flac,missing_date,
CLASSICAL,/data/Music/CLASSICAL/Mozart/String Quartets - Hagen Quartett/206 - String Quartet in F KV 158 - Tempo di minuetto.flac,missing_date,
CLASSICAL,/data/Music/CLASSICAL/Mozart/String Quartets - Hagen Quartett/207 - String Quartet in B flat KV 159 - Andante.flac,missing_date,
CLASSICAL,/data/Music/CLASSICAL/Mozart/String Quartets - Hagen Quartett/208 - String Quartet in B flat KV 159 - Allegro.flac,missing_date,
CLASSICAL,/data/Music/CLASSICAL/Mozart/String Quartets - Hagen Quartett/209 - String Quartet in B flat KV 159 - Rondo. Allegro grazioso.flac,missing_date,
CLASSICAL,/data/Music/CLASSICAL/Mozart/String Quartets - Hagen Quartett/210 - String Quartet in E flat KV 160 - Allegro.flac,missing_date,
CLASSICAL,/data/Music/CLASSICAL/Mozart/String Quartets - Hagen Quartett/211 - String Quartet in E flat KV 160 - Un poco adagio.flac,missing_date,
CLASSICAL,/data/Music/CLASSICAL/Mozart/String Quartets - Hagen Quartett/212 - String Quartet in E flat KV 160 - Presto.flac,missing_date,
CLASSICAL,/data/Music/CLASSICAL/Mozart/String Quartets - Hagen Quartett/213 - String Quartet in F KV 168 - Allegro.flac,missing_date,
CLASSICAL,/data/Music/CLASSICAL/Mozart/String Quartets - Hagen Quartett/214 - String Quartet in F KV 168 - Andante.flac,missing_date,
CLASSICAL,/data/Music/CLASSICAL/Mozart/String Quartets - Hagen Quartett/215 - String Quartet in F KV 168 - Menuetto.flac,missing_date,
CLASSICAL,/data/Music/CLASSICAL/Mozart/String Quartets - Hagen Quartett/216 - String Quartet in F KV 168 - Allegro.flac,missing_date,
CLASSICAL,"/data/Music/CLASSICAL/Mozart/String Quartets - Hagen Quartett/301 - String Quartet No. 9 in A, K.169 - Molto allegro.flac",missing_date,
CLASSICAL,"/data/Music/CLASSICAL/Mozart/String Quartets - Hagen Quartett/302 - String Quartet No. 9 in A, K.169 - Andante.flac",missing_date,
CLASSICAL,"/data/Music/CLASSICAL/Mozart/String Quartets - Hagen Quartett/303 - String Quartet No. 9 in A, K.169 - Menuetto.flac",missing_date,
CLASSICAL,"/data/Music/CLASSICAL/Mozart/String Quartets - Hagen Quartett/304 - String Quartet No. 9 in A, K.169 - Rondeaux (Allegro).flac",missing_date,
CLASSICAL,"/data/Music/CLASSICAL/Mozart/String Quartets - Hagen Quartett/305 - String Quartet No. 10 in C, K.170 - Andante.flac",missing_date,
CLASSICAL,"/data/Music/CLASSICAL/Mozart/String Quartets - Hagen Quartett/306 - String Quartet No. 10 in C, K.170 - Menuetto.flac",missing_date,
CLASSICAL,"/data/Music/CLASSICAL/Mozart/String Quartets - Hagen Quartett/307 - String Quartet No. 10 in C, K.170 - Un poco adagio.flac",missing_date,
CLASSICAL,"/data/Music/CLASSICAL/Mozart/String Quartets - Hagen Quartett/308 - String Quartet No. 10 in C, K.170 - Rondeaux (Allegro).flac",missing_date,
CLASSICAL,"/data/Music/CLASSICAL/Mozart/String Quartets - Hagen Quartett/309 - String Quartet No. 11 in E flat, K.171 - Adagio - Allegro assai.flac",missing_date,
CLASSICAL,"/data/Music/CLASSICAL/Mozart/String Quartets - Hagen Quartett/310 - String Quartet No. 11 in E flat, K.171 - Menuetto.flac",missing_date,
CLASSICAL,"/data/Music/CLASSICAL/Mozart/String Quartets - Hagen Quartett/311 - String Quartet No. 11 in E flat, K.171 - Andante.flac",missing_date,
CLASSICAL,"/data/Music/CLASSICAL/Mozart/String Quartets - Hagen Quartett/312 - String Quartet No. 11 in E flat, K.171 - Allegro assai.flac",missing_date,
CLASSICAL,"/data/Music/CLASSICAL/Mozart/String Quartets - Hagen Quartett/313 - String Quartet No. 12 in B flat, K.172 - Allegro spiritoso.flac",missing_date,
CLASSICAL,"/data/Music/CLASSICAL/Mozart/String Quartets - Hagen Quartett/314 - String Quartet No. 12 in B flat, K.172 - Adagio.flac",missing_date,
CLASSICAL,"/data/Music/CLASSICAL/Mozart/String Quartets - Hagen Quartett/315 - String Quartet No. 12 in B flat, K.172 - Menuetto.flac",missing_date,
CLASSICAL,"/data/Music/CLASSICAL/Mozart/String Quartets - Hagen Quartett/316 - String Quartet No. 12 in B flat, K.172 - Allegro assai.flac",missing_date,
CLASSICAL,"/data/Music/CLASSICAL/Mozart/String Quartets - Hagen Quartett/317 - String Quartet No. 13 in D minor, K.173 - (Allegro ma molto moderato).flac",missing_date,
CLASSICAL,"/data/Music/CLASSICAL/Mozart/String Quartets - Hagen Quartett/318 - String Quartet No. 13 in D minor, K.173 - Andantino grazioso.flac",missing_date,
CLASSICAL,"/data/Music/CLASSICAL/Mozart/String Quartets - Hagen Quartett/319 - String Quartet No. 13 in D minor, K.173 - Menuetto.flac",missing_date,
CLASSICAL,"/data/Music/CLASSICAL/Mozart/String Quartets - Hagen Quartett/320 - String Quartet No. 13 in D minor, K.173 - (Allegro).flac",missing_date,
CLASSICAL,/data/Music/CLASSICAL/Mozart/String Quartets - Hagen Quartett/401 - String Quartet in G KV 387 - Allegro vivace assai.flac,missing_date,
CLASSICAL,/data/Music/CLASSICAL/Mozart/String Quartets - Hagen Quartett/402 - String Quartet in G KV 387 - Menuetto Allegro - Trio.flac,missing_date,
CLASSICAL,/data/Music/CLASSICAL/Mozart/String Quartets - Hagen Quartett/403 - String Quartet in G KV 387 - Andante cantabile.flac,missing_date,
CLASSICAL,/data/Music/CLASSICAL/Mozart/String Quartets - Hagen Quartett/404 - String Quartet in G KV 387 - Molto allegro.flac,missing_date,
CLASSICAL,/data/Music/CLASSICAL/Mozart/String Quartets - Hagen Quartett/405 - String Quartet in D KV 421 - Allegro moderato.flac,missing_date,
CLASSICAL,/data/Music/CLASSICAL/Mozart/String Quartets - Hagen Quartett/406 - String Quartet in D KV 421 - Andante.flac,missing_date,
CLASSICAL,/data/Music/CLASSICAL/Mozart/String Quartets - Hagen Quartett/407 - String Quartet in D KV 421 - Menuetto Allegretto - Trio.flac,missing_date,
CLASSICAL,/data/Music/CLASSICAL/Mozart/String Quartets - Hagen Quartett/408 - String Quartet in D KV 421 - Allegretto ma non troppo.flac,missing_date,
CLASSICAL,/data/Music/CLASSICAL/Mozart/String Quartets - Hagen Quartett/409 - Nachtmusik in G KV 525 - Allegro.flac,missing_date,
CLASSICAL,/data/Music/CLASSICAL/Mozart/String Quartets - Hagen Quartett/410 - Nachtmusik in G KV 525 - Romance Andante.flac,missing_date,
CLASSICAL,/data/Music/CLASSICAL/Mozart/String Quartets - Hagen Quartett/411 - Nachtmusik in G KV 525 - Menuetto Allegretto.flac,missing_date,
CLASSICAL,/data/Music/CLASSICAL/Mozart/String Quartets - Hagen Quartett/412 - Nachtmusik in G KV 525 - Rondo Allegro.flac,missing_date,
CLASSICAL,/data/Music/CLASSICAL/Mozart/String Quartets - Hagen Quartett/501 - String Quartet in Es KV 428 - Allegro non troppo.flac,missing_date,
CLASSICAL,/data/Music/CLASSICAL/Mozart/String Quartets - Hagen Quartett/502 - String Quartet in Es KV 428 - Andante con moto.flac,missing_date,
CLASSICAL,/data/Music/CLASSICAL/Mozart/String Quartets - Hagen Quartett/503 - String Quartet in Es KV 428 - Menuetto Allegro.flac,missing_date,
CLASSICAL,/data/Music/CLASSICAL/Mozart/String Quartets - Hagen Quartett/504 - String Quartet in Es KV 428 - Allegro vivace.flac,missing_date,
CLASSICAL,/data/Music/CLASSICAL/Mozart/String Quartets - Hagen Quartett/505 - String Quartet in Es KV 428 - Allegro vivace assai.flac,missing_date,
CLASSICAL,/data/Music/CLASSICAL/Mozart/String Quartets - Hagen Quartett/506 - String Quartet in Es KV 428 - Menuetto Moderato.flac,missing_date,
CLASSICAL,/data/Music/CLASSICAL/Mozart/String Quartets - Hagen Quartett/507 - String Quartet in Es KV 428 - Adagio.flac,missing_date,
CLASSICAL,/data/Music/CLASSICAL/Mozart/String Quartets - Hagen Quartett/508 - String Quartet in Es KV 428 - Allegro assai.flac,missing_date,
CLASSICAL,/data/Music/CLASSICAL/Mozart/String Quartets - Hagen Quartett/509 - String Quartet in D KV 575 - Allegretto.flac,missing_date,
CLASSICAL,/data/Music/CLASSICAL/Mozart/String Quartets - Hagen Quartett/510 - String Quartet in D KV 575 - Andante.flac,missing_date,
CLASSICAL,/data/Music/CLASSICAL/Mozart/String Quartets - Hagen Quartett/511 - String Quartet in D KV 575 - Menuetto Allegretto.flac,missing_date,
CLASSICAL,/data/Music/CLASSICAL/Mozart/String Quartets - Hagen Quartett/512 - String Quartet in D KV 575 - Allegretto.flac,missing_date,
CLASSICAL,"/data/Music/CLASSICAL/Mozart/String Quartets - Hagen Quartett/601 - String Quartet No. 18 in A, K.464 - Allegro.flac",missing_date,
CLASSICAL,"/data/Music/CLASSICAL/Mozart/String Quartets - Hagen Quartett/602 - String Quartet No. 18 in A, K.464 - Menuetto.flac",missing_date,
CLASSICAL,"/data/Music/CLASSICAL/Mozart/String Quartets - Hagen Quartett/603 - String Quartet No. 18 in A, K.464 - Andante.flac",missing_date,
CLASSICAL,"/data/Music/CLASSICAL/Mozart/String Quartets - Hagen Quartett/604 - String Quartet No. 18 in A, K.464 - Allegro non troppo.flac",missing_date,
CLASSICAL,"/data/Music/CLASSICAL/Mozart/String Quartets - Hagen Quartett/605 - String Quartet No. 19 in C, K.465 - 'Dissonance' - Adagio - Allegro.flac",missing_date,
CLASSICAL,"/data/Music/CLASSICAL/Mozart/String Quartets - Hagen Quartett/606 - String Quartet No. 19 in C, K.465 - 'Dissonance' - Andante cantabile.flac",missing_date,
CLASSICAL,"/data/Music/CLASSICAL/Mozart/String Quartets - Hagen Quartett/607 - String Quartet No. 19 in C, K.465 - 'Dissonance' - Menuetto. Allegro.flac",missing_date,
CLASSICAL,"/data/Music/CLASSICAL/Mozart/String Quartets - Hagen Quartett/608 - String Quartet No. 19 in C, K.465 - 'Dissonance' - Allegro molto.flac",missing_date,
CLASSICAL,"/data/Music/CLASSICAL/Mozart/String Quartets - Hagen Quartett/609 - Fugue in C minor, BWV 871 - JSB arr Mozart KV 405.flac",missing_date,
CLASSICAL,"/data/Music/CLASSICAL/Mozart/String Quartets - Hagen Quartett/610 - Fugue in E flat major, BWV 876 - JSB arr Mozart KV 405.flac",missing_date,
CLASSICAL,"/data/Music/CLASSICAL/Mozart/String Quartets - Hagen Quartett/611 - Fugue in E major, BWV 878 - JSB arr Mozart KV 405.flac",missing_date,
CLASSICAL,"/data/Music/CLASSICAL/Mozart/String Quartets - Hagen Quartett/612 - Fugue in D sharp minor, BWV 877 - JSB arr Mozart KV 405.flac",missing_date,
CLASSICAL,"/data/Music/CLASSICAL/Mozart/String Quartets - Hagen Quartett/613 - Fugue in D major, BWV 874 - JSB arr Mozart KV 405.flac",missing_date,
CLASSICAL,"/data/Music/CLASSICAL/Mozart/String Quartets - Hagen Quartett/614 - Adagio and Fugue in C minor, K.546 - Adagio.flac",missing_date,
CLASSICAL,"/data/Music/CLASSICAL/Mozart/String Quartets - Hagen Quartett/615 - Adagio and Fugue in C minor, K.546 - Fugue.flac",missing_date,
CLASSICAL,/data/Music/CLASSICAL/Mozart/Various/00 - Et in Terra Pax.mp3,missing_album,
CLASSICAL,/data/Music/CLASSICAL/Mozart/Various/00 - Et in Terra Pax.mp3,missing_tracknumber,
CLASSICAL,/data/Music/CLASSICAL/Mozart/Various/00 - Gloria in Excelsis.mp3,missing_album,
CLASSICAL,/data/Music/CLASSICAL/Mozart/Various/00 - Gloria in Excelsis.mp3,missing_tracknumber,
CLASSICAL,/data/Music/CLASSICAL/Mozart/Various/00 - Gratias Agimus Tibi.mp3,missing_album,
CLASSICAL,/data/Music/CLASSICAL/Mozart/Various/00 - Gratias Agimus Tibi.mp3,missing_tracknumber,
CLASSICAL,"/data/Music/CLASSICAL/Mozart/Various/00 - Variations on Twinkle, Twinkle.mp3",missing_tracknumber,
CLASSICAL,/data/Music/CLASSICAL/Mozart/Various/01 - 40 Molto Allegro.mp3,missing_date,
CLASSICAL,/data/Music/CLASSICAL/Mozart/Various/11 - Hn Con2 Rondo.mp3,missing_date,
CLASSICAL,/data/Music/CLASSICAL/Mozart/Various/11 - Ov Seraglio.mp3,missing_date,
CLASSICAL,/data/Music/CLASSICAL/Mozart/Various/12 - Rondo Turca.mp3,missing_date,
CLASSICAL,"/data/Music/CLASSICAL/Mozart/Wind Concertos & Serenades - Karl Böhm/501 - Serenade No. 13 for strings in G major ('Eine kleine Nachtmusik'), K. 525 Allegro.flac",missing_date,
CLASSICAL,"/data/Music/CLASSICAL/Mozart/Wind Concertos & Serenades - Karl Böhm/502 - Serenade No. 13 for strings in G major ('Eine kleine Nachtmusik'), K. 525 Romance Andante.flac",missing_date,
CLASSICAL,"/data/Music/CLASSICAL/Mozart/Wind Concertos & Serenades - Karl Böhm/503 - Serenade No. 13 for strings in G major ('Eine kleine Nachtmusik'), K. 525 Menuetto & Trio - Allegretto.flac",missing_date,
CLASSICAL,"/data/Music/CLASSICAL/Mozart/Wind Concertos & Serenades - Karl Böhm/504 - Serenade No. 13 for strings in G major ('Eine kleine Nachtmusik'), K. 525 Rondo - Allegro.flac",missing_date,
CLASSICAL,"/data/Music/CLASSICAL/Mozart/Wind Concertos & Serenades - Karl Böhm/505 - Serenade No. 6 for orchestra in D major ('Serenata Notturna'), K. 239 Marcia - Maestoso.flac",missing_date,
CLASSICAL,"/data/Music/CLASSICAL/Mozart/Wind Concertos & Serenades - Karl Böhm/506 - Serenade No. 6 for orchestra in D major ('Serenata Notturna'), K. 239 Menuetto & Trio.flac",missing_date,
CLASSICAL,"/data/Music/CLASSICAL/Mozart/Wind Concertos & Serenades - Karl Böhm/507 - Serenade No. 6 for orchestra in D major ('Serenata Notturna'), K. 239 Rondeau Allegretto.flac",missing_date,
CLASSICAL,"/data/Music/CLASSICAL/Mozart/Wind Concertos & Serenades - Karl Böhm/508 - Serenade No. 9 for orchestra in D major ('Posthorn'), K. 320 Adagio maestoso.flac",missing_date,
CLASSICAL,"/data/Music/CLASSICAL/Mozart/Wind Concertos & Serenades - Karl Böhm/509 - Serenade No. 9 for orchestra in D major ('Posthorn'), K. 320 Menuetto Allegretto & Trio.flac",missing_date,
CLASSICAL,"/data/Music/CLASSICAL/Mozart/Wind Concertos & Serenades - Karl Böhm/510 - Serenade No. 9 for orchestra in D major ('Posthorn'), K. 320 Concertante Andante grazioso.flac",missing_date,
CLASSICAL,"/data/Music/CLASSICAL/Mozart/Wind Concertos & Serenades - Karl Böhm/511 - Serenade No. 9 for orchestra in D major ('Posthorn'), K. 320 Rondeau Allegro ma non troppo.flac",missing_date,
CLASSICAL,"/data/Music/CLASSICAL/Mozart/Wind Concertos & Serenades - Karl Böhm/512 - Serenade No. 9 for orchestra in D major ('Posthorn'), K. 320 Andantino.flac",missing_date,
CLASSICAL,"/data/Music/CLASSICAL/Mozart/Wind Concertos & Serenades - Karl Böhm/513 - Serenade No. 9 for orchestra in D major ('Posthorn'), K. 320 Menuetto & Trio I II.flac",missing_date,
CLASSICAL,"/data/Music/CLASSICAL/Mozart/Wind Concertos & Serenades - Karl Böhm/514 - Serenade No. 9 for orchestra in D major ('Posthorn'), K. 320 Finale Presto.flac",missing_date,
CLASSICAL,/data/Music/CLASSICAL/Mozart - Complete/Church Sonatas/01 - Sonata E flat major KV 67.flac,missing_date,
CLASSICAL,/data/Music/CLASSICAL/Mozart - Complete/Church Sonatas/02 - Sonata B flat major KV 68.flac,missing_date,
CLASSICAL,/data/Music/CLASSICAL/Mozart - Complete/Church Sonatas/03 - Sonata D major KV 69.flac,missing_date,
CLASSICAL,/data/Music/CLASSICAL/Mozart - Complete/Church Sonatas/04 - Sonata D major KV 144.flac,missing_date,
CLASSICAL,/data/Music/CLASSICAL/Mozart - Complete/Church Sonatas/05 - Sonata F major KV 145.flac,missing_date,
CLASSICAL,/data/Music/CLASSICAL/Mozart - Complete/Church Sonatas/06 - Sonata B flat major KV 212.flac,missing_date,
CLASSICAL,/data/Music/CLASSICAL/Mozart - Complete/Church Sonatas/07 - Sonata G major KV 241.flac,missing_date,
CLASSICAL,/data/Music/CLASSICAL/Mozart - Complete/Church Sonatas/08 - Sonata F major KV 224.flac,missing_date,
CLASSICAL,/data/Music/CLASSICAL/Mozart - Complete/Church Sonatas/09 - Sonata A major KV 225.flac,missing_date,
CLASSICAL,/data/Music/CLASSICAL/Mozart - Complete/Church Sonatas/10 - Sonata F major KV 244.flac,missing_date,
CLASSICAL,/data/Music/CLASSICAL/Mozart - Complete/Church Sonatas/11 - Sonata D major KV 245.flac,missing_date,
CLASSICAL,/data/Music/CLASSICAL/Mozart - Complete/Church Sonatas/12 - Sonata G major KV 274.flac,missing_date,
CLASSICAL,/data/Music/CLASSICAL/Mozart - Complete/Church Sonatas/13 - Sonata C major KV 328.flac,missing_date,
CLASSICAL,/data/Music/CLASSICAL/Mozart - Complete/Church Sonatas/14 - Sonata C major KV 336.flac,missing_date,
CLASSICAL,/data/Music/CLASSICAL/Mozart - Complete/Church Sonatas/15 - Sonata C major KV 263.flac,missing_date,
CLASSICAL,/data/Music/CLASSICAL/Mozart - Complete/Church Sonatas/16 - Sonata C major KV 278.flac,missing_date,
CLASSICAL,/data/Music/CLASSICAL/Mozart - Complete/Church Sonatas/17 - Sonata C major KV 329.flac,missing_date,
CLASSICAL,"/data/Music/CLASSICAL/Mozart - Complete/Concertos for 2 & 3 Pianos, Concert Rondos/01 - Concerto for 2 pianos & orchestra E flat major KV 365 I Allegro.flac",missing_date,
CLASSICAL,"/data/Music/CLASSICAL/Mozart - Complete/Concertos for 2 & 3 Pianos, Concert Rondos/02 - Concerto for 2 pianos & orchestra E flat major KV 365 II Andante.flac",missing_date,
CLASSICAL,"/data/Music/CLASSICAL/Mozart - Complete/Concertos for 2 & 3 Pianos, Concert Rondos/03 - Concerto for 2 pianos & orchestra E flat major KV 365 III Rondo, allegro.flac",missing_date,
CLASSICAL,"/data/Music/CLASSICAL/Mozart - Complete/Concertos for 2 & 3 Pianos, Concert Rondos/04 - Concerto for 3 pianos & orchestra F major KV 242 I Allegro.flac",missing_date,
CLASSICAL,"/data/Music/CLASSICAL/Mozart - Complete/Concertos for 2 & 3 Pianos, Concert Rondos/05 - Concerto for 3 pianos & orchestra F major KV 242 II Adagio.flac",missing_date,
CLASSICAL,"/data/Music/CLASSICAL/Mozart - Complete/Concertos for 2 & 3 Pianos, Concert Rondos/06 - Concerto for 3 pianos & orchestra F major KV 242 III Rondo, tempo di minuetto.flac",missing_date,
CLASSICAL,"/data/Music/CLASSICAL/Mozart - Complete/Concertos for 2 & 3 Pianos, Concert Rondos/07 - Rondo for piano & orchestra D major KV 382.flac",missing_date,
CLASSICAL,"/data/Music/CLASSICAL/Mozart - Complete/Concertos for 2 & 3 Pianos, Concert Rondos/08 - Rondo for piano & orchestra A major KV 386.flac",missing_date,
CLASSICAL,"/data/Music/CLASSICAL/Orff/ORFF Orff-Schulwerk, Vol. 1 Musica Poetica/Ego Sum Abbas.mp3",missing_tracknumber,
CLASSICAL,"/data/Music/CLASSICAL/Orff/ORFF Orff-Schulwerk, Vol. 1 Musica Poetica/Ego Sum Abbas.mp3",missing_date,
CLASSICAL,"/data/Music/CLASSICAL/Orff/ORFF Orff-Schulwerk, Vol. 1 Musica Poetica/Olim Lacus Colueram.mp3",missing_tracknumber,
CLASSICAL,"/data/Music/CLASSICAL/Orff/ORFF Orff-Schulwerk, Vol. 1 Musica Poetica/Olim Lacus Colueram.mp3",missing_date,
CLASSICAL,"/data/Music/CLASSICAL/Orff/ORFF Orff-Schulwerk, Vol. 1 Musica Poetica/Spielbuch fur Xylophon II #15.mp3",missing_tracknumber,
CLASSICAL,"/data/Music/CLASSICAL/Orff/ORFF Orff-Schulwerk, Vol. 1 Musica Poetica/Tempus Est Iocundum.mp3",missing_tracknumber,
CLASSICAL,"/data/Music/CLASSICAL/Orff/ORFF Orff-Schulwerk, Vol. 1 Musica Poetica/Tempus Est Iocundum.mp3",missing_date,
CLASSICAL,/data/Music/CLASSICAL/Part/Part - Cantus.flac,missing_tracknumber,
CLASSICAL,"/data/Music/CLASSICAL/Purcell - Dido And Aeneas/01 - Overture. Act One- Scene One The Palace - Dido, Queen Of Ca.mp3",missing_date,
CLASSICAL,"/data/Music/CLASSICAL/Purcell - Dido And Aeneas/02 - Act One- Scene Two The Cave - Dido, Queen Of Carthage Euge.mp3",missing_date,
CLASSICAL,"/data/Music/CLASSICAL/Purcell - Dido And Aeneas/03 - Act Two The Grove - Dido, Queen Of Carthage Eugenia Gorokh.mp3",missing_date,
CLASSICAL,"/data/Music/CLASSICAL/Purcell - Dido And Aeneas/04 - Act Three The Ships - Dido, Queen Of Carthage Eugenia Goro.mp3",missing_date,
CLASSICAL,/data/Music/CLASSICAL/Rachmaninov/Rachmaninov - Prelude Op 23 in Gmin.mp3,missing_tracknumber,
CLASSICAL,/data/Music/CLASSICAL/Russian Red Army Choir/Russian Red Army Choir - Farewell of Slavianka.mp3,missing_tracknumber,
CLASSICAL,/data/Music/CLASSICAL/Russian Red Army Choir/Russian Red Army Choir - Farewell of Slavianka.mp3,missing_date,
CLASSICAL,/data/Music/CLASSICAL/Russian Red Army Choir/Russian Red Army Choir - Kalinka.mp3,missing_tracknumber,
CLASSICAL,/data/Music/CLASSICAL/Russian Red Army Choir/Russian Red Army Choir - Kalinka.mp3,missing_date,
CLASSICAL,/data/Music/CLASSICAL/Russian Red Army Choir/Russian Red Army Choir - Kossack's Song.mp3,missing_tracknumber,
CLASSICAL,/data/Music/CLASSICAL/Russian Red Army Choir/Russian Red Army Choir - Kossack's Song.mp3,missing_date,
CLASSICAL,/data/Music/CLASSICAL/Russian Red Army Choir/Russian Red Army Choir - Partisan Song.mp3,missing_tracknumber,
CLASSICAL,/data/Music/CLASSICAL/Russian Red Army Choir/Russian Red Army Choir - Partisan Song.mp3,missing_date,
CLASSICAL,/data/Music/CLASSICAL/Russian Red Army Choir/Russian Red Army Choir - Volga Boat Song.mp3,missing_tracknumber,
CLASSICAL,/data/Music/CLASSICAL/Russian Red Army Choir/Russian Red Army Choir - Volga Boat Song.mp3,missing_date,
CLASSICAL,/data/Music/CLASSICAL/Schubert/Various/Schubert - Impromptu in Ebmaj.mp3,missing_album,
CLASSICAL,/data/Music/CLASSICAL/Schubert/Various/Schubert - Impromptu in Ebmaj.mp3,missing_tracknumber,
CLASSICAL,"/data/Music/CLASSICAL/Tchaikovsky/Tschaikowsky - 1812 Overture - Marche Slave - Francesca da Rimini - CSO - Barenboim/001 - 1812 Overture, Op. 49.flac",missing_date,
CLASSICAL,"/data/Music/CLASSICAL/Tchaikovsky/Tschaikowsky - 1812 Overture - Marche Slave - Francesca da Rimini - CSO - Barenboim/002 - March Salve, Op. 31.flac",missing_date,
CLASSICAL,"/data/Music/CLASSICAL/Tchaikovsky/Tschaikowsky - 1812 Overture - Marche Slave - Francesca da Rimini - CSO - Barenboim/003 - Francesca da Rimini, Op. 32.flac",missing_date,
CLASSICAL,"/data/Music/CLASSICAL/Tchaikovsky - Complete/Piano Trio/01 - Piano Trio in A Minor, Op. 50 “In Memory of a Great Artist” I. Méditation.flac",missing_date,
CLASSICAL,"/data/Music/CLASSICAL/Tchaikovsky - Complete/Piano Trio/02 - Piano Trio in A Minor, Op. 50 “In Memory of a Great Artist” II. Scherzo.flac",missing_date,
CLASSICAL,"/data/Music/CLASSICAL/Tchaikovsky - Complete/Piano Trio/03 - Piano Trio in A Minor, Op. 50 “In Memory of a Great Artist” III. Mélodie.flac",missing_date,
CLASSICAL,/data/Music/CLASSICAL/Wagner/Orchestral Music - Klemperer/01 - Rienzi - Overture.flac,missing_date,
CLASSICAL,/data/Music/CLASSICAL/Wagner/Orchestral Music - Klemperer/02 - Tannhäuser - Overture.flac,missing_date,
CLASSICAL,/data/Music/CLASSICAL/Wagner/Orchestral Music - Klemperer/03 - Tannhäuser - Prelude Act III.flac,missing_date,
CLASSICAL,/data/Music/CLASSICAL/Wagner/Orchestral Music - Klemperer/04 - Lohengrin - Prelude Act 1.flac,missing_date,
CLASSICAL,/data/Music/CLASSICAL/Wagner/Orchestral Music - Klemperer/05 - Lohengrin - Prelude Act III.flac,missing_date,
CLASSICAL,/data/Music/CLASSICAL/Wagner/Orchestral Music - Klemperer/06 - Die Meistersinger von Nürnberg - Overture.flac,missing_date,
CLASSICAL,/data/Music/CLASSICAL/Wagner/Orchestral Music - Klemperer/07 - Die Meistersinger von Nürnberg - Dance of the Apprenctices & Entry of the Masters (Act III).flac,missing_date,
CLASSICAL,/data/Music/CLASSICAL/Wagner/Orchestral Music - Klemperer/08 - Parsifal - Prelude.flac,missing_date,
CLASSICAL,/data/Music/CLASSICAL/Wagner/Orchestral Music - Klemperer/09 - Der Fliegende Holländer - Overture.flac,missing_date,
CLASSICAL,/data/Music/CLASSICAL/Wagner/Orchestral Music - Klemperer/10 - Das Rheingold - Entry of the Gods into Valhalla.flac,missing_date,
CLASSICAL,/data/Music/CLASSICAL/Wagner/Orchestral Music - Klemperer/11 - Die Walküre - Ride of the Valkyries.flac,missing_date,
CLASSICAL,/data/Music/CLASSICAL/Wagner/Orchestral Music - Klemperer/12 - Siegfried Idyll.flac,missing_date,
CLASSICAL,/data/Music/CLASSICAL/Wagner/Orchestral Music - Klemperer/13 - Siegfried - Forest Murmurs.flac,missing_date,
CLASSICAL,/data/Music/CLASSICAL/Wagner/Orchestral Music - Klemperer/14 - Götterdämmerung - Siegfried's Rhine Journey.flac,missing_date,
CLASSICAL,/data/Music/CLASSICAL/Wagner/Orchestral Music - Klemperer/15 - Götterdämmerung - Siegfried's Funeral March.flac,missing_date,
CLASSICAL,/data/Music/CLASSICAL/Wagner/Orchestral Music - Klemperer/16 - Tristan und Isolde - Prelude and Liebstod.flac,missing_date,
